[{"assetType":"PolicyAction","assetObject":{"name":"Policy Action [Enable HTTP / HTTPS] -> Policy For API EchoAPI[1]","id":"8897e5f5-f0cb-4ab4-bdc8-9455d3f2e793","status":"Success","explanation":"OK"}},{"assetType":"Policy","assetObject":{"name":"Policy For API EchoAPI[1]","id":"dac3f588-6182-4bfb-9ac6-32b9845977c4","status":"Success","explanation":"OK"}},{"assetType":"PolicyAction","assetObject":{"name":"Policy Action [Straight Through Routing] -> Policy For API EchoAPI[1]","id":"84b5a895-e68e-423f-8773-75843fe1e6d3","status":"Success","explanation":"OK"}},{"assetType":"API","assetObject":{"name":"EchoAPI[1]","id":"17122d99-21d9-4e1f-960c-86639b3cb5bf","status":"Success","explanation":"OK"}}]