[{"assetType":"API","assetObject":{"name":"FlightTracking[1]","id":"51f937e6-d651-45b6-9652-5792bcb0b055","status":"Success","explanation":"OK"}},{"assetType":"PolicyAction","assetObject":{"name":"Policy Action [Straight Through Routing] -> Policy For API FlightTracking[1]","id":"5d4ef2b0-efa0-4365-bc15-f39ef01ff871","status":"Success","explanation":"OK"}},{"assetType":"Policy","assetObject":{"name":"Policy For API FlightTracking[1]","id":"acb23b29-69ca-43d7-af7d-9c54d2668cdf","status":"Success","explanation":"OK"}},{"assetType":"PolicyAction","assetObject":{"name":"Policy Action [Enable HTTP / HTTPS] -> Policy For API FlightTracking[1]","id":"727425c4-d6d8-4daa-8f39-583af12eba00","status":"Success","explanation":"OK"}}]