[{"assetType":"PolicyAction","assetObject":{"name":"Policy Action [Enable HTTP / HTTPS] -> Policy For API AirlineReservations[1]","id":"785f8265-9e0c-4f9d-a32a-93fd37bc8c50","status":"Success","explanation":"OK"}},{"assetType":"PolicyAction","assetObject":{"name":"Policy Action [Straight Through Routing] -> Policy For API AirlineReservations[1]","id":"a7fd6711-c6f2-4c9b-bf8e-08cc778beb9a","status":"Success","explanation":"OK"}},{"assetType":"API","assetObject":{"name":"AirlineReservations[1]","id":"757b01f5-419b-402d-a9f4-5a138c0e7280","status":"Success","explanation":"OK"}},{"assetType":"PolicyAction","assetObject":{"name":"Policy Action [Log Invocation] -> Policy For API AirlineReservations[1]","id":"b7eb25a6-4b93-4e5d-a79a-aafeb066eaf8","status":"Success","explanation":"OK"}},{"assetType":"PassmanData","assetObject":{"name":"e50e3782-d97e-4b45-8221-3d83c543de8bpassword","id":"e50e3782-d97e-4b45-8221-3d83c543de8bpassword","status":"Success","explanation":"OK"}},{"assetType":"Policy","assetObject":{"name":"Policy For API AirlineReservations[1]","id":"b996cde2-a448-422a-a5a8-599a970854c3","status":"Success","explanation":"OK"}},{"assetType":"PolicyAction","assetObject":{"name":"Policy Action [Outbound Authentication - Transport] -> Policy For API AirlineReservations[1]","id":"e50e3782-d97e-4b45-8221-3d83c543de8b","status":"Success","explanation":"OK"}},{"assetType":"Alias","assetObject":{"name":"ServiceConsulDefault","id":"ServiceConsulDefault","status":"Success","explanation":"OK"}},{"assetType":"PassmanData","assetObject":{"name":"SVC_REGISTRY_BASIC_AUTH_SECRETServiceConsulDefault","id":"SVC_REGISTRY_BASIC_AUTH_SECRETServiceConsulDefault","status":"Success","explanation":"OK"}}]